[
{"url":"https://h.top4top.io/p_2443xgn0h0.jpg"},
{"url":"https://i.top4top.io/p_2443d0eo71.jpg"},
{"url":"https://j.top4top.io/p_24436iiti2.jpg"},
{"url":"https://k.top4top.io/p_2443of6ia3.jpg"},
{"url":"https://l.top4top.io/p_24438i62h4.jpg"},
{"url":"https://a.top4top.io/p_2443bk0595.jpg"},
{"url":"https://i.top4top.io/p_24437nzis0.jpg"},
{"url":"https://j.top4top.io/p_24436vesm1.jpg"},
{"url":"https://k.top4top.io/p_2443d53zf2.jpg"},
{"url":"https://l.top4top.io/p_2443uet9p3.jpg"},
{"url":"https://a.top4top.io/p_2443a43hh4.jpg"},
{"url":"https://l.top4top.io/p_24439jx3o0.jpg"},
{"url":"https://h.top4top.io/p_2446yc9et3.jpg"},
{"url":"https://a.top4top.io/p_244331f6l1.jpg"}
]