[
{"url":"https://telegra.ph/file/e59de761829b9e17301ea.jpg"},{"url":"https://telegra.ph/file/e59de761829b9e17301ea.jpg"},{"url":"https://telegra.ph/file/e59de761829b9e17301ea.jpg"},{"url":"https://telegra.ph/file/e59de761829b9e17301ea.jpg"},{"url":"https://telegra.ph/file/d3d41de2824e836bb4075.jpg"},{"url":"https://telegra.ph/file/d3d41de2824e836bb4075.jpg"},{"url":"https://telegra.ph/file/89da94c98bff3133cdd22.jpg"},{"url":"https://telegra.ph/file/cfa07295be57b992c99a8.jpg"},{"url":"https://telegra.ph/file/e59de761829b9e17301ea.jpg"},{"url":"https://telegra.ph/file/b9f851e5dc64e409bad80.jpg"},{"url":"https://telegra.ph/file/94372707710ab412f142f.jpg"},{"url":"https://telegra.ph/file/dc8f6dbf7c87a8a5694ed.jpg"},{"url":"https://telegra.ph/file/760226e7ced603b72930c.jpg"},{"url":"https://telegra.ph/file/6d3c24a8c7967ec305b02.jpg"},{"url":"https://telegra.ph/file/15714329d7d5039141287.jpg"},{"url":"https://telegra.ph/file/cbf51916027981f21b63e.jpg"},{"url":"https://telegra.ph/file/a909f48c81ab9ca7d3f88.jpg"},{"url":"https://telegra.ph/file/9c7d913c1ab7f920cedfc.jpg"},{"url":"https://telegra.ph/file/fc875b763503806dfde0e.jpg"},{"url":"https://telegra.ph/file/c08ba481426f4cabcca5a.jpg"},{"url":"https://l.top4top.io/p_2572bzadm0.jpg"},{"url":"https://a.top4top.io/p_2572c6kgn1.jpg"},{"url":"https://b.top4top.io/p_2572yb5c02.jpg"},{"url":"https://c.top4top.io/p_2572kc9ww3.jpg"},{"url":"https://d.top4top.io/p_25726zxju4.jpg"},{"url":"https://e.top4top.io/p_25721fogx5.jpg"},{"url":"https://f.top4top.io/p_2572nmw8z6.jpg"},{"url":"https://g.top4top.io/p_2572fde1s7.jpg"},{"url":"https://h.top4top.io/p_2572i893t8.jpg"},{"url":"https://i.top4top.io/p_25720tzcq9.jpg"},{"url":"https://i.top4top.io/p_2572p96qc0.jpg"},{"url":"https://j.top4top.io/p_25728i0fx1.jpg"},{"url":"https://f.top4top.io/p_2572t6o0x7.jpg"},{"url":"https://k.top4top.io/p_2572xxzjz1.jpg"},{"url":"https://i.top4top.io/p_2572ar9yw3.jpg"},{"url":"https://j.top4top.io/p_2572l523j0.jpg"},{"url":"https://a.top4top.io/p_25729o2ga3.jpg"},{"url":"https://b.top4top.io/p_25726zj3n4.jpg"},{"url":"https://c.top4top.io/p_2572vh40p5.jpg"},{"url":"https://d.top4top.io/p_2572knh5b6.jpg"},{"url":"https://e.top4top.io/p_2572ht4fy7.jpg"},{"url":"https://f.top4top.io/p_2572k5ztd8.jpg"},{"url":"https://h.top4top.io/p_2572d4jgl9.jpg"},{"url":"https://i.top4top.io/p_2572p96qc0.jpg"},{"url":"https://j.top4top.io/p_25728i0fx1.jpg"},{"url":"https://k.top4top.io/p_2572k3wos2.jpg"},{"url":"https://l.top4top.io/p_2572hb2ka3.jpg"},{"url":"https://a.top4top.io/p_25724ptyv4.jpg"},{"url":"https://b.top4top.io/p_2572m5erj5.jpg"},{"url":"https://c.top4top.io/p_257274o0j6.jpg"},{"url":"https://f.top4top.io/p_2572i2gvl9.jpg"},{"url":"https://e.top4top.io/p_2572qecph8.jpg"},{"url":"https://d.top4top.io/p_2572m59hz7.jpg"},{"url":"https://f.top4top.io/p_2572zemjw0.jpg"},{"url":"https://g.top4top.io/p_25725u3961.jpg"},{"url":"https://h.top4top.io/p_2572s9pys2.jpg"},{"url":"https://i.top4top.io/p_2572ar9yw3.jpg"},{"url":"https://j.top4top.io/p_2572kog8a4.jpg"},{"url":"https://k.top4top.io/p_2572k8kmf5.jpg"},{"url":"https://l.top4top.io/p_2572arban6.jpg"},{"url":"https://a.top4top.io/p_2572k5a7x7.jpg"},{"url":"https://b.top4top.io/p_25722q4uw8.jpg"},{"url":"https://c.top4top.io/p_2572nxaim9.jpg"},{"url":"https://k.top4top.io/p_2572jlw9h0.jpg"},{"url":"https://l.top4top.io/p_2572a1rsf1.jpg"},{"url":"https://b.top4top.io/p_2572v8p3n3.jpg"},{"url":"https://a.top4top.io/p_2572bg8o62.jpg"},{"url":"https://c.top4top.io/p_257222k3a4.jpg"},{"url":"https://d.top4top.io/p_25727znfo5.jpg"},{"url":"https://e.top4top.io/p_2572qe6ob6.jpg"},{"url":"https://f.top4top.io/p_2572t6o0x7.jpg"},{"url":"https://g.top4top.io/p_2572yw2na8.jpg"},{"url":"https://i.top4top.io/p_2572oskbs9.jpg"}]