[
{"url":"https://b.top4top.io/m_1931yxodg0.mp4"},
{"url":"https://k.top4top.io/m_193161p380.mp4"},
{"url":"https://l.top4top.io/m_1931i4g3p1.mp4"},
{"url":"https://a.top4top.io/m_1931tjlio2.mp4"},
{"url":"https://g.top4top.io/m_1931z2mc40.mp4"},
{"url":"https://h.top4top.io/m_1931auyof1.mp4"},
{"url":"https://i.top4top.io/m_19315hrle2.mp4"},
{"url":"https://j.top4top.io/m_1931xul5a3.mp4"},
{"url":"https://l.top4top.io/m_1931o92nr0.mp4"},
{"url":"https://a.top4top.io/m_1931j1rh21.mp4"},
{"url":"https://b.top4top.io/m_1931iaqpg2.mp4"},
{"url":"https://c.top4top.io/m_1931s5zlj3.mp4"},
{"url":"https://d.top4top.io/m_1931x0g5a4.mp4"},
{"url":"https://i.top4top.io/m_1931oj76n0.mp4"},
{"url":"https://j.top4top.io/m_19319gl3d1.mp4"},
{"url":"https://k.top4top.io/m_1931u52cq2.mp4"},
{"url":"https://l.top4top.io/m_1931mvgj73.mp4"},
{"url":"https://a.top4top.io/m_1931u07oz4.mp4"},
{"url":"https://j.top4top.io/m_1931h1fo60.mp4"},
{"url":"https://k.top4top.io/m_1931mro3u1.mp4"},
{"url":"https://l.top4top.io/m_1931kx0ac2.mp4"},
{"url":"https://a.top4top.io/m_1931g9ezq3.mp4"},
{"url":"https://b.top4top.io/m_1931plin14.mp4"},
{"url":"https://c.top4top.io/m_1931aaxri5.mp4"},
{"url":"https://d.top4top.io/m_1931ijzzn6.mp4"},
{"url":"https://e.top4top.io/m_1931ugycd7.mp4"},
{"url":"https://f.top4top.io/m_1931l14nk8.mp4"},
{"url":"https://g.top4top.io/m_1931crgqt9.mp4"},
{"url":"https://l.top4top.io/m_1931ufrul0.mp4"},
{"url":"https://a.top4top.io/m_1931jbdpk1.mp4"},
{"url":"https://c.top4top.io/m_1931aj9nm2.mp4"},
{"url":"https://d.top4top.io/m_1931cnsal3.mp4"},
{"url":"https://e.top4top.io/m_1931d4kc74.mp4"},
{"url":"https://f.top4top.io/m_1931bih8q5.mp4"},
{"url":"https://g.top4top.io/m_1931xx7aa6.mp4"},
{"url":"https://h.top4top.io/m_1931g3zsq7.mp4"},
{"url":"https://a.top4top.io/m_1931m74wd0.mp4"},
{"url":"https://b.top4top.io/m_1931p8tfm1.mp4"},
{"url":"https://e.top4top.io/m_1931aj8iv0.mp4"},
{"url":"https://f.top4top.io/m_1931szguy1.mp4"},
{"url":"https://g.top4top.io/m_1931l73ry2.mp4"},
{"url":"https://h.top4top.io/m_1931yhznj3.mp4"},
{"url":"https://i.top4top.io/m_1931kmtp34.mp4"},
{"url":"https://j.top4top.io/m_1931snhdg5.mp4"},
{"url":"https://k.top4top.io/m_1931ay1jz6.mp4"},
{"url":"https://l.top4top.io/m_1931x70mk7.mp4"},
{"url":"https://a.top4top.io/m_19319mvvf8.mp4"},
{"url":"https://b.top4top.io/m_1931icmzd9.mp4"},
{"url":"https://h.top4top.io/m_19316oo0s0.mp4"},
{"url":"https://i.top4top.io/m_1931cvvpt1.mp4"},
{"url":"https://e.top4top.io/m_1930ns2zo0.mp4"},
{"url":"https://k.top4top.io/m_1930j9i810.mp4"},
{"url":"https://f.top4top.io/m_1930wtj580.mp4"},
{"url":"https://d.top4top.io/m_1930a2isv0.mp4"},
{"url":"https://e.top4top.io/m_1930wbgc41.mp4"},
{"url":"https://f.top4top.io/m_1930urbj02.mp4"},
{"url":"https://b.top4top.io/m_1930ceiqv0.mp4"},
{"url":"https://i.top4top.io/m_1931a0z6o0.mp4"},
{"url":"https://a.top4top.io/m_193190b500.mp4"},
{"url":"https://b.top4top.io/m_1931dcixz1.mp4"},
{"url":"https://g.top4top.io/m_19317gpjp0.mp4"},
{"url":"https://i.top4top.io/m_1931cc22w1.mp4"},
{"url":"https://j.top4top.io/m_1931xn6412.mp4"},
{"url":"https://g.top4top.io/m_1931silxz0.mp4"},
{"url":"https://h.top4top.io/m_1931as4mg1.mp4"},
{"url":"https://i.top4top.io/m_1931p9j5v0.mp4"},
{"url":"https://e.top4top.io/m_1931mgeuy0.mp4"},
{"url":"https://f.top4top.io/m_1931lw9381.mp4"},
{"url":"https://g.top4top.io/m_1931vm0dk2.mp4"},
{"url":"https://h.top4top.io/m_1931fiv8x3.mp4"},
{"url":"https://b.top4top.io/m_1931jm3dt0.mp4"},
{"url":"https://e.top4top.io/m_1931i7yag1.mp4"},
{"url":"https://f.top4top.io/m_1931dr5ya2.mp4"},
{"url":"https://g.top4top.io/m_193172kpg3.mp4"},
{"url":"https://h.top4top.io/m_1931j3b224.mp4"},
{"url":"https://j.top4top.io/m_19317ykt25.mp4"},
{"url":"https://k.top4top.io/m_1931o0vh16.mp4"},
{"url":"https://l.top4top.io/m_1931ssfbn7.mp4"},
{"url":"https://a.top4top.io/m_19318t7458.mp4"},
{"url":"https://b.top4top.io/m_1931vhu759.mp4"},
{"url":"https://b.top4top.io/m_1930thxw90.mp4"},
{"url":"https://d.top4top.io/m_1930pezhp0.mp4"},
{"url":"https://c.top4top.io/m_1930cjgbx0.mp4"},
{"url":"https://b.top4top.io/m_1930v6vhg0.mp4"},
{"url":"https://f.top4top.io/m_1930uh7ud0.mp4"},
{"url":"https://a.top4top.io/m_1930c9cpb0.mp4"},
{"url":"https://k.top4top.io/m_19308amkf0.mp4"},
{"url":"https://d.top4top.io/m_1930wjaq60.mp4"},
{"url":"https://i.top4top.io/m_1930n2um40.mp4"},
{"url":"https://i.top4top.io/m_1930e14pi0.mp4"},
{"url":"https://i.top4top.io/m_1930w6lwf0.mp4"},
{"url":"https://e.top4top.io/m_19307autl0.mp4"},
{"url":"https://d.top4top.io/m_1930i6tfc0.mp4"},
{"url":"https://c.top4top.io/m_1930qmr7u0.mp4"},
{"url":"https://d.top4top.io/m_1930itbte1.mp4"},
{"url":"https://i.top4top.io/m_1930ze4oq0.mp4"},
{"url":"https://j.top4top.io/m_1930kkqyh1.mp4"},
{"url":"https://f.top4top.io/m_1930zevlz0.mp4"},
{"url":"https://g.top4top.io/m_1930q0apu1.mp4"},
{"url":"https://h.top4top.io/m_1930trfsv2.mp4"},
{"url":"https://e.top4top.io/m_1930wespy0.mp4"},
{"url":"https://e.top4top.io/m_19303zfi20.mp4"},
{"url":"https://j.top4top.io/m_1930t00kx0.mp4"},
{"url":"https://e.top4top.io/m_1930kx7hi0.mp4"},
{"url":"https://c.top4top.io/m_19307g6kd0.mp4"},
{"url":"https://f.top4top.io/m_19306yk4c0.mp4"},
{"url":"https://i.top4top.io/m_1930y1u780.mp4"},
{"url":"https://j.top4top.io/m_1930ilsyy0.mp4"},
{"url":"https://i.top4top.io/m_19301948b0.mp4"},
{"url":"https://d.top4top.io/m_1930zg8460.mp4"},
{"url":"https://i.top4top.io/m_19301yozl0.mp4"},
{"url":"https://g.top4top.io/m_1930qjr2q0.mp4"},
{"url":"https://l.top4top.io/m_1930x1wp50.mp4"},
{"url":"https://a.top4top.io/m_1930zr1041.mp4"},
{"url":"https://b.top4top.io/m_1930s29hq2.mp4"},
{"url":"https://a.top4top.io/m_1930kbo0y0.mp4"},
{"url":"https://j.top4top.io/m_1930xek9z0.mp4"},
{"url":"https://i.top4top.io/m_1930s7gb80.mp4"},
{"url":"https://c.top4top.io/m_1930w0dbu0.mp4"},
{"url":"https://d.top4top.io/m_1930xu4kd1.mp4"},
{"url":"https://a.top4top.io/m_1930zw2nb0.mp4"},
{"url":"https://b.top4top.io/m_1930eybjj1.mp4"},
{"url":"https://g.top4top.io/m_1930fmx330.mp4"},
{"url":"https://l.top4top.io/m_1930gnlam0.mp4"},
{"url":"https://g.top4top.io/m_1930twwu50.mp4"},
{"url":"https://l.top4top.io/m_1930qkeh70.mp4"},
{"url":"https://l.top4top.io/m_1930wefm20.mp4"},
{"url":"https://a.top4top.io/m_1930idzd51.mp4"},
{"url":"https://k.top4top.io/m_2442ag1hz0.mp4"},
{"url":"https://e.top4top.io/m_2442zoq1q0.mp4"},
{"url":"https://d.top4top.io/m_2442fhuc30.mp4"},
{"url":"https://j.top4top.io/m_24422gftd0.mp4"},
{"url":"https://b.top4top.io/m_2443t8ab30.mp4"},
{"url":"https://a.top4top.io/m_2443wc3wp0.mp4"},
{"url":"https://b.top4top.io/m_2443mcw8l0.mp4"},
{"url":"https://e.top4top.io/m_2444w606q1.mp4"},
{"url":"https://d.top4top.io/m_24441r8490.mp4"},
{"url":"https://g.top4top.io/m_2442x0pz10.mp4"},
{"url":"https://g.top4top.io/m_2549as9x80.mp4"},
{"url":"https://c.top4top.io/m_2031ob87f0.mp4"},
{"url":"https://telegra.ph/file/7d7c3abc0300a502b6ddc.mp4"},
{"url":"https://telegra.ph/file/47d99b1766277fe7f3561.mp4"},
{"url":"https://telegra.ph/file/93f92ae34fe0ac177e31d.mp4"},
{"url":"https://telegra.ph/file/356055da67744deed290a.mp4"},
{"url":"https://telegra.ph/file/8c76164328248b71ba7e4.mp4"},
{"url":"https://telegra.ph/file/ece7a2ef720d08d9f52d1.mp4"},
{"url":"https://telegra.ph/file/b9efc0dc7153593a1ea4b.mp4"},
{"url":"https://telegra.ph/file/9141f06394a07d71dfd4c.mp4"},
{"url":"https://telegra.ph/file/e4903cf5a2056953c266e.mp4"},
{"url":"https://telegra.ph/file/4ae639be8740431780c73.mp4"},
{"url":"https://telegra.ph/file/a6d50bba2d05c0c08a585.mp4"},
{"url":"https://telegra.ph/file/db75cf4815f6445400a00.mp4"},
{"url":"https://telegra.ph/file/0ad246d4db1f1cf5d61d0.mp4"},
{"url":"https://telegra.ph/file/e660a2776c4b6700c4883.mp4"},
{"url":"https://telegra.ph/file/acdf3147dd3bc73802b90.mp4"},
{ "url": "https://telegra.ph/file/532274df4749fa2582765.mp4" },
{ "url": "https://c.top4top.io/m_2031ob87f0.mp4" },
{ "url": "https://telegra.ph/file/7d7c3abc0300a502b6ddc.mp4" },
{ "url": "https://telegra.ph/file/47d99b1766277fe7f3561.mp4" },
{ "url": "https://telegra.ph/file/93f92ae34fe0ac177e31d.mp4" },
{ "url": "https://telegra.ph/file/356055da67744deed290a.mp4" },
{ "url": "https://telegra.ph/file/8c76164328248b71ba7e4.mp4" },
{ "url": "https://telegra.ph/file/ece7a2ef720d08d9f52d1.mp4" },
{ "url": "https://telegra.ph/file/b9efc0dc7153593a1ea4b.mp4" },
{ "url": "https://telegra.ph/file/9141f06394a07d71dfd4c.mp4" },
{ "url": "https://telegra.ph/file/e4903cf5a2056953c266e.mp4" },
{ "url": "https://telegra.ph/file/4ae639be8740431780c73.mp4" },
{ "url": "https://telegra.ph/file/a6d50bba2d05c0c08a585.mp4" },
{ "url": "https://telegra.ph/file/db75cf4815f6445400a00.mp4" },
{ "url": "https://telegra.ph/file/0ad246d4db1f1cf5d61d0.mp4" },
{ "url": "https://telegra.ph/file/e660a2776c4b6700c4883.mp4" },
{ "url": "https://telegra.ph/file/acdf3147dd3bc73802b90.mp4" },
{ "url": "https://telegra.ph/file/532274df4749fa2582765.mp4" },
{"url":"https://c.top4top.io/m_2553mbjf80.mp4"},
{"url":"https://d.top4top.io/m_2553rsk4b1.mp4"},
{"url":"https://e.top4top.io/m_25535en0j2.mp4"},
{"url":"https://f.top4top.io/m_2553byzno3.mp4"},
{"url":"https://g.top4top.io/m_2553z75ks4.mp4"},
{"url":"https://h.top4top.io/m_25538gbb45.mp4"},
{"url":"https://i.top4top.io/m_2553m2bdq6.mp4"},
{"url":"https://j.top4top.io/m_25532dvfu7.mp4"},
{"url":"https://b.top4top.io/m_2442d9ia10.mp4"},
{"url":"https://f.top4top.io/m_24449l6wj0.mp4"},
{"url":"https://g.top4top.io/m_24443skoc1.mp4"},
{"url":"https://h.top4top.io/m_2444q3q4w2.mp4"},
{"url":"https://i.top4top.io/m_2444ii1ff3.mp4"},
{"url":"https://j.top4top.io/m_2444p2u0y4.mp4"},
{"url":"https://e.top4top.io/m_25714sfih0.mp4"},
{"url":"https://c.top4top.io/m_2572y8mcw0.mp4"}
]
