[
{"url":"https://g.top4top.io/m_2549as9x80.mp4"},
{"url":"https://c.top4top.io/m_2031ob87f0.mp4"},
{"url":"https://telegra.ph/file/7d7c3abc0300a502b6ddc.mp4"},
{"url":"https://telegra.ph/file/47d99b1766277fe7f3561.mp4"},
{"url":"https://telegra.ph/file/93f92ae34fe0ac177e31d.mp4"},
{"url":"https://telegra.ph/file/356055da67744deed290a.mp4"},
{"url":"https://telegra.ph/file/8c76164328248b71ba7e4.mp4"},
{"url":"https://telegra.ph/file/ece7a2ef720d08d9f52d1.mp4"},
{"url":"https://telegra.ph/file/b9efc0dc7153593a1ea4b.mp4"},
{"url":"https://telegra.ph/file/9141f06394a07d71dfd4c.mp4"},
{"url":"https://telegra.ph/file/e4903cf5a2056953c266e.mp4"},
{"url":"https://telegra.ph/file/4ae639be8740431780c73.mp4"},
{"url":"https://telegra.ph/file/a6d50bba2d05c0c08a585.mp4"},
{"url":"https://telegra.ph/file/db75cf4815f6445400a00.mp4"},
{"url":"https://telegra.ph/file/0ad246d4db1f1cf5d61d0.mp4"},
{"url":"https://telegra.ph/file/e660a2776c4b6700c4883.mp4"},
{"url":"https://telegra.ph/file/acdf3147dd3bc73802b90.mp4"},
{ "url": "https://telegra.ph/file/532274df4749fa2582765.mp4" },
{ "url": "https://c.top4top.io/m_2031ob87f0.mp4" },
{ "url": "https://telegra.ph/file/7d7c3abc0300a502b6ddc.mp4" },
{ "url": "https://telegra.ph/file/47d99b1766277fe7f3561.mp4" },
{ "url": "https://telegra.ph/file/93f92ae34fe0ac177e31d.mp4" },
{ "url": "https://telegra.ph/file/356055da67744deed290a.mp4" },
{ "url": "https://telegra.ph/file/8c76164328248b71ba7e4.mp4" },
{ "url": "https://telegra.ph/file/ece7a2ef720d08d9f52d1.mp4" },
{ "url": "https://telegra.ph/file/b9efc0dc7153593a1ea4b.mp4" },
{ "url": "https://telegra.ph/file/9141f06394a07d71dfd4c.mp4" },
{ "url": "https://telegra.ph/file/e4903cf5a2056953c266e.mp4" },
{ "url": "https://telegra.ph/file/4ae639be8740431780c73.mp4" },
{ "url": "https://telegra.ph/file/a6d50bba2d05c0c08a585.mp4" },
{ "url": "https://telegra.ph/file/db75cf4815f6445400a00.mp4" },
{ "url": "https://telegra.ph/file/0ad246d4db1f1cf5d61d0.mp4" },
{ "url": "https://telegra.ph/file/e660a2776c4b6700c4883.mp4" },
{ "url": "https://telegra.ph/file/acdf3147dd3bc73802b90.mp4" },
{ "url": "https://telegra.ph/file/532274df4749fa2582765.mp4" },
{"url":"https://c.top4top.io/m_2553mbjf80.mp4"},
{"url":"https://d.top4top.io/m_2553rsk4b1.mp4"},
{"url":"https://e.top4top.io/m_25535en0j2.mp4"},
{"url":"https://f.top4top.io/m_2553byzno3.mp4"},
{"url":"https://g.top4top.io/m_2553z75ks4.mp4"},
{"url":"https://h.top4top.io/m_25538gbb45.mp4"},
{"url":"https://i.top4top.io/m_2553m2bdq6.mp4"},
{"url":"https://j.top4top.io/m_25532dvfu7.mp4"}
]